POA_CODE_2021,Age_yr_0_M,Age_yr_0_F,Age_yr_0_P,Age_yr_1_M,Age_yr_1_F,Age_yr_1_P,Age_yr_2_M,Age_yr_2_F,Age_yr_2_P,Age_yr_3_M,Age_yr_3_F,Age_yr_3_P,Age_yr_4_M,Age_yr_4_F,Age_yr_4_P,Age_yr_0_4_M,Age_yr_0_4_F,Age_yr_0_4_P,Age_yr_5_M,Age_yr_5_F,Age_yr_5_P,Age_yr_6_M,Age_yr_6_F,Age_yr_6_P,Age_yr_7_M,Age_yr_7_F,Age_yr_7_P,Age_yr_8_M,Age_yr_8_F,Age_yr_8_P,Age_yr_9_M,Age_yr_9_F,Age_yr_9_P,Age_yr_5_9_M,Age_yr_5_9_F,Age_yr_5_9_P,Age_yr_10_M,Age_yr_10_F,Age_yr_10_P,Age_yr_11_M,Age_yr_11_F,Age_yr_11_P,Age_yr_12_M,Age_yr_12_F,Age_yr_12_P,Age_yr_13_M,Age_yr_13_F,Age_yr_13_P,Age_yr_14_M,Age_yr_14_F,Age_yr_14_P,Age_yr_10_14_M,Age_yr_10_14_F,Age_yr_10_14_P,Age_yr_15_M,Age_yr_15_F,Age_yr_15_P,Age_yr_16_M,Age_yr_16_F,Age_yr_16_P,Age_yr_17_M,Age_yr_17_F,Age_yr_17_P,Age_yr_18_M,Age_yr_18_F,Age_yr_18_P,Age_yr_19_M,Age_yr_19_F,Age_yr_19_P,Age_yr_15_19_M,Age_yr_15_19_F,Age_yr_15_19_P,Age_yr_20_M,Age_yr_20_F,Age_yr_20_P,Age_yr_21_M,Age_yr_21_F,Age_yr_21_P,Age_yr_22_M,Age_yr_22_F,Age_yr_22_P,Age_yr_23_M,Age_yr_23_F,Age_yr_23_P,Age_yr_24_M,Age_yr_24_F,Age_yr_24_P,Age_yr_20_24_M,Age_yr_20_24_F,Age_yr_20_24_P,Age_yr_25_M,Age_yr_25_F,Age_yr_25_P,Age_yr_26_M,Age_yr_26_F,Age_yr_26_P,Age_yr_27_M,Age_yr_27_F,Age_yr_27_P,Age_yr_28_M,Age_yr_28_F,Age_yr_28_P,Age_yr_29_M,Age_yr_29_F,Age_yr_29_P,Age_yr_25_29_M,Age_yr_25_29_F,Age_yr_25_29_P,Age_yr_30_M,Age_yr_30_F,Age_yr_30_P,Age_yr_31_M,Age_yr_31_F,Age_yr_31_P,Age_yr_32_M,Age_yr_32_F,Age_yr_32_P,Age_yr_33_M,Age_yr_33_F,Age_yr_33_P,Age_yr_34_M,Age_yr_34_F,Age_yr_34_P,Age_yr_30_34_M,Age_yr_30_34_F,Age_yr_30_34_P,Age_yr_35_M,Age_yr_35_F,Age_yr_35_P,Age_yr_36_M,Age_yr_36_F,Age_yr_36_P,Age_yr_37_M,Age_yr_37_F,Age_yr_37_P,Age_yr_38_M,Age_yr_38_F,Age_yr_38_P,Age_yr_39_M,Age_yr_39_F,Age_yr_39_P,Age_yr_35_39_M,Age_yr_35_39_F,Age_yr_35_39_P,Age_yr_40_M,Age_yr_40_F,Age_yr_40_P,Age_yr_41_M,Age_yr_41_F,Age_yr_41_P,Age_yr_42_M,Age_yr_42_F,Age_yr_42_P,Age_yr_43_M,Age_yr_43_F,Age_yr_43_P,Age_yr_44_M,Age_yr_44_F,Age_yr_44_P,Age_yr_40_44_M,Age_yr_40_44_F,Age_yr_40_44_P,Age_yr_45_M,Age_yr_45_F,Age_yr_45_P,Age_yr_46_M,Age_yr_46_F,Age_yr_46_P,Age_yr_47_M,Age_yr_47_F,Age_yr_47_P,Age_yr_48_M,Age_yr_48_F,Age_yr_48_P,Age_yr_49_M,Age_yr_49_F,Age_yr_49_P,Age_yr_45_49_M,Age_yr_45_49_F,Age_yr_45_49_P,Age_yr_50_M,Age_yr_50_F,Age_yr_50_P,Age_yr_51_M,Age_yr_51_F,Age_yr_51_P,Age_yr_52_M,Age_yr_52_F,Age_yr_52_P,Age_yr_53_M,Age_yr_53_F,Age_yr_53_P,Age_yr_54_M,Age_yr_54_F,Age_yr_54_P,Age_yr_50_54_M,Age_yr_50_54_F,Age_yr_50_54_P,Age_yr_55_M,Age_yr_55_F
POA2600,26,29,51,30,26,61,34,30,57,28,42,67,38,37,75,151,161,315,28,44,78,43,33,79,29,56,82,42,48,88,36,42,81,181,223,407,39,45,84,32,48,84,40,50,88,49,45,88,45,41,86,206,225,433,60,47,105,34,46,89,37,51,89,33,60,96,31,35,61,201,240,438,35,39,74,37,51,85,45,31,73,52,52,101,46,66,113,210,238,448,44,51,97,45,56,98,53,51,102,63,46,104,44,42,90,248,246,492,54,51,103,60,61,117,38,45,89,52,40,97,34,58,87,247,256,500,47,52,102,43,63,106,47,51,95,43,48,89,53,46,99,237,257,490,47,45,92,48,79,125,51,60,110,43,60,106,52,61,116,245,299,542,53,40,90,67,51,118,43,53,97,59,65,127,54,64,115,273,271,544,54,67,121,60,60,124,51,68,123,63,59,125,56,55,113,284,308,596,60,44
POA2601,12,16,25,6,6,12,11,8,15,4,5,6,7,11,15,31,40,79,10,0,11,0,12,12,7,4,12,4,4,3,6,3,9,23,23,42,0,9,8,0,0,5,6,3,12,0,0,4,9,0,4,18,18,32,0,0,3,0,5,9,10,12,17,347,545,898,455,686,1142,813,1246,2065,346,429,772,237,269,509,197,167,360,168,193,358,136,129,260,1078,1186,2262,138,143,285,111,123,236,121,90,214,88,81,175,95,72,169,564,513,1077,83,76,162,80,66,140,78,47,124,65,45,113,55,47,101,364,282,642,31,33,70,57,42,102,58,38,96,40,31,69,26,18,44,210,164,371,37,25,60,31,22,45,11,21,31,19,13,35,12,18,35,107,96,206,24,14,45,24,19,41,13,10,23,18,14,33,22,16,36,101,71,175,19,18,33,15,23,41,25,14,39,25,13,37,17,17,38,102,77,186,10,16
POA2602,193,141,333,170,168,335,177,178,351,184,182,367,196,151,345,921,823,1738,204,218,416,206,176,381,211,172,382,226,197,427,189,196,386,1037,956,1992,217,172,388,209,181,391,205,184,386,178,197,371,195,196,394,1011,930,1934,215,185,400,174,152,325,169,161,330,153,138,288,152,166,323,861,803,1658,204,258,460,266,371,636,315,361,678,294,419,718,332,355,689,1408,1764,3175,297,335,636,319,341,663,318,363,684,315,311,624,308,335,641,1561,1690,3254,321,307,632,344,301,647,271,281,551,254,297,557,273,286,557,1460,1481,2939,258,266,529,272,266,538,262,287,555,242,320,563,286,286,570,1323,1430,2752,250,243,494,214,261,472,240,274,507,252,234,489,227,254,474,1181,1259,2440,199,228,422,231,244,482,217,205,419,208,236,449,213,230,446,1069,1145,2216,232,267,497,224,222,452,221,217,441,203,222,429,181,229,415,1061,1168,2227,185,202
POA2603,39,35,69,31,30,61,32,38,73,35,37,72,34,39,71,173,179,350,51,43,88,48,49,95,74,56,125,51,48,102,56,48,104,278,237,511,58,53,112,59,60,114,69,63,122,78,63,149,56,60,120,320,302,624,68,65,136,96,74,169,70,80,149,86,60,146,56,35,90,375,316,693,46,34,82,77,49,124,66,54,120,71,52,122,65,77,145,326,265,592,84,84,162,84,114,201,90,96,190,82,82,168,102,91,191,442,468,910,68,74,142,95,83,178,71,79,144,66,66,126,47,64,109,342,354,702,53,47,101,73,60,136,56,77,128,56,69,130,57,76,136,298,332,626,60,59,124,48,64,119,63,66,131,54,61,118,60,81,140,292,337,626,70,73,139,77,71,144,66,66,132,65,72,141,78,75,154,354,359,714,67,76,142,80,83,158,99,93,187,66,71,136,67,61,128,377,376,752,70,76
POA2604,70,69,136,50,76,125,40,58,97,57,48,101,60,49,108,265,295,562,63,49,109,64,53,116,54,44,95,59,46,113,55,59,113,301,255,549,60,61,116,64,43,112,66,60,122,56,68,122,59,59,112,302,293,594,48,67,112,60,54,109,56,44,103,54,47,98,43,51,96,264,254,520,46,59,99,54,57,117,90,86,174,81,118,196,107,111,215,376,435,806,110,145,250,106,124,232,160,159,319,152,174,326,127,155,282,649,761,1411,148,151,301,133,145,277,144,134,279,100,135,240,169,130,297,694,694,1389,146,135,282,122,126,248,121,125,247,112,115,223,97,102,201,599,603,1203,115,130,240,82,105,187,72,99,179,90,88,179,76,75,150,427,500,929,86,82,169,86,66,150,74,94,169,65,91,162,86,103,188,401,440,834,106,83,193,87,67,156,69,70,139,71,75,146,80,87,165,408,391,799,61,83
POA2605,44,56,105,55,54,116,54,47,107,74,58,137,73,82,157,311,306,620,91,84,178,99,71,169,106,88,186,95,108,197,87,81,172,477,425,901,89,100,192,106,104,211,92,89,182,108,79,185,88,81,165,478,456,935,67,77,143,59,88,150,62,85,152,68,72,134,55,52,106,311,379,688,73,64,135,79,71,153,57,62,116,47,55,100,66,54,120,320,307,627,68,53,120,68,60,128,51,50,103,62,55,114,59,49,106,303,267,575,63,67,127,67,80,150,63,61,124,63,73,132,67,97,163,325,376,693,66,92,153,76,86,168,81,94,182,75,96,173,92,102,196,399,471,872,99,107,209,86,92,177,79,96,176,92,91,177,80,84,169,442,469,914,78,82,161,66,69,134,80,71,155,80,84,166,110,86,195,413,393,809,85,117,205,76,91,163,84,90,178,89,98,187,75,80,152,410,476,888,79,96
POA2606,89,73,156,81,75,157,65,65,125,47,51,100,57,58,112,333,323,654,48,47,91,44,56,107,56,61,115,45,63,106,46,45,87,235,269,510,52,58,115,55,61,114,62,47,108,38,44,81,54,56,110,262,264,522,43,47,87,52,53,102,51,38,88,42,48,91,43,50,93,223,237,458,62,51,117,72,77,145,95,99,193,91,125,215,112,130,243,427,475,910,130,158,286,136,146,278,142,174,319,159,180,343,168,189,353,740,843,1581,179,159,333,155,160,320,136,136,269,133,138,269,128,150,274,728,746,1479,117,126,247,120,97,216,101,110,210,104,101,200,111,100,204,545,528,1078,101,90,190,84,74,157,87,73,156,62,58,125,101,54,150,440,345,783,51,59,104,79,65,138,53,95,152,69,73,139,64,67,133,309,360,674,73,75,146,77,82,158,73,65,138,71,69,136,50,72,124,345,359,704,66,71
POA2607,78,57,138,83,73,152,80,53,134,80,67,144,72,66,141,392,321,712,93,79,173,84,93,180,98,82,177,94,106,194,88,86,177,460,447,908,129,89,218,112,102,211,110,85,197,98,88,189,111,78,192,561,441,1010,95,76,165,110,81,192,112,55,173,84,62,145,75,83,159,478,354,835,89,86,168,87,77,170,82,79,157,59,85,140,80,77,157,397,399,796,91,85,172,86,68,157,83,75,162,87,69,155,81,98,181,428,388,821,74,82,162,87,91,174,70,78,145,90,90,178,110,94,203,431,427,865,90,100,186,101,111,208,89,105,197,81,84,163,87,106,194,442,508,955,83,115,191,95,95,191,93,96,189,93,87,185,82,106,187,446,505,947,88,87,169,94,121,217,77,99,177,116,105,224,88,120,202,459,533,991,106,103,215,100,98,205,99,101,199,92,87,180,84,86,169,488,480,961,88,108
POA2609,5,0,5,4,0,4,3,10,13,0,4,4,0,0,4,11,14,23,0,7,13,9,5,10,4,9,13,4,0,7,5,0,5,19,24,44,0,3,3,0,5,7,7,7,11,0,3,4,0,9,9,10,14,25,0,0,5,0,13,11,9,9,15,11,4,11,9,9,22,28,28,59,12,4,12,30,19,41,15,6,17,6,9,19,3,13,12,64,44,104,20,8,31,15,6,22,10,3,8,17,13,29,5,3,11,65,37,98,8,0,6,6,3,4,6,12,18,3,7,11,6,3,8,33,23,53,16,0,19,3,0,3,10,5,23,8,3,19,8,3,10,51,18,69,8,19,20,6,0,9,6,0,7,3,4,13,11,9,17,29,32,61,4,5,6,7,5,11,12,6,14,12,13,28,6,8,15,37,34,76,9,5,10,12,6,20,10,3,17,12,0,21,21,5,20,66,22,87,3,3
POA2611,262,199,464,226,255,481,265,236,500,236,238,477,271,261,528,1250,1195,2453,289,276,567,285,278,561,286,280,562,290,278,565,276,261,534,1421,1373,2793,251,242,494,233,227,457,252,216,469,232,225,461,263,209,474,1226,1124,2353,228,194,416,202,202,409,204,181,386,200,167,367,177,167,346,1002,916,1918,160,180,340,174,189,365,214,186,402,197,198,396,199,222,422,948,973,1918,234,209,442,237,262,498,241,270,514,312,317,632,242,329,577,1271,1387,2661,265,275,545,274,305,583,295,325,619,284,327,609,281,327,605,1404,1555,2959,307,336,638,305,340,640,287,349,639,321,322,652,326,318,644,1546,1664,3213,315,336,648,271,299,568,294,269,566,270,256,526,279,252,531,1430,1417,2843,261,246,502,252,249,505,242,237,479,235,259,495,242,273,517,1233,1265,2497,227,229,456,214,222,438,203,241,440,223,184,408,181,183,363,1044,1068,2110,174,195
POA2612,82,63,149,59,60,115,54,52,102,42,56,99,56,36,96,291,270,561,58,48,105,38,35,73,46,58,106,52,42,94,50,36,89,242,226,467,52,52,102,41,55,96,56,37,94,40,58,98,39,48,85,225,254,482,45,49,94,51,35,86,38,59,101,146,98,239,299,171,471,580,408,990,349,225,569,398,283,684,351,391,741,345,362,703,342,361,702,1785,1618,3406,333,320,648,315,326,636,315,295,613,321,329,649,274,263,533,1560,1532,3090,274,261,538,254,226,481,219,223,444,233,202,429,217,157,378,1197,1067,2270,158,160,315,172,150,325,172,131,306,160,118,282,143,119,263,801,691,1494,103,120,228,107,104,207,128,89,215,102,95,198,100,76,177,544,484,1027,80,83,160,84,85,169,83,80,162,85,83,166,106,89,194,428,426,859,100,88,190,87,94,183,76,80,157,92,80,170,100,76,173,453,420,876,82,80
POA2614,99,86,189,117,115,238,102,98,203,109,114,223,137,121,261,572,541,1114,131,105,236,138,132,268,113,127,234,144,104,249,131,133,264,656,594,1250,141,117,253,122,132,250,129,129,262,143,117,257,115,150,262,645,650,1292,132,119,246,111,114,221,103,128,224,99,78,179,101,109,211,541,544,1085,127,94,219,131,125,251,143,127,271,141,123,263,112,122,231,651,585,1236,140,133,273,164,131,293,138,145,283,145,136,287,147,127,270,729,676,1406,148,177,325,149,154,305,137,151,289,142,133,275,139,123,262,715,745,1458,152,143,299,123,156,285,151,158,307,149,159,310,138,165,302,716,786,1501,132,142,275,142,132,277,142,142,279,143,145,289,132,136,268,692,696,1392,133,138,271,140,143,281,134,158,292,147,138,280,135,137,271,684,713,1397,151,150,299,131,125,259,121,126,246,125,125,253,112,107,212,633,634,1268,110,107
POA2615,341,286,630,336,301,633,342,303,649,320,324,637,351,331,683,1690,1547,3239,339,342,678,380,345,724,366,354,720,336,358,697,365,338,706,1777,1742,3520,347,323,674,383,347,727,350,313,667,334,295,621,349,263,611,1761,1535,3303,320,287,609,307,262,569,269,258,529,272,259,533,256,220,478,1432,1290,2720,259,253,513,277,240,513,267,249,519,258,252,507,279,262,535,1337,1254,2589,288,263,554,321,274,597,318,325,646,290,335,623,312,329,644,1528,1531,3061,341,365,703,365,383,745,339,365,705,342,371,706,385,429,816,1767,1906,3671,403,422,821,362,401,769,389,416,804,393,387,787,397,446,846,1945,2075,4020,381,381,761,354,405,765,355,389,743,339,343,685,356,337,694,1783,1866,3649,355,328,680,353,381,731,347,345,685,273,333,613,307,346,651,1639,1730,3364,324,302,629,273,277,546,286,269,561,260,261,519,265,265,525,1411,1371,2784,251,277
POA2617,222,175,398,199,216,414,206,172,378,185,186,370,193,179,372,1001,933,1927,257,168,424,197,191,382,186,177,360,220,199,414,188,173,358,1040,903,1944,181,162,341,190,165,354,173,137,313,191,160,351,165,155,321,894,776,1673,166,136,308,164,120,293,150,139,287,239,242,485,270,323,600,996,974,1962,319,367,687,372,427,798,381,427,812,440,473,914,481,543,1022,1998,2225,4230,493,461,955,581,504,1083,524,494,1020,459,433,894,513,479,989,2563,2368,4934,489,400,890,428,405,828,377,414,795,361,346,711,339,327,672,1997,1889,3887,347,296,644,325,333,655,293,283,579,307,273,582,293,283,575,1568,1462,3027,256,252,506,252,250,505,253,241,495,223,205,431,226,215,442,1211,1163,2378,205,202,408,186,209,390,217,181,397,216,186,400,198,193,393,1022,966,1991,198,195,397,185,191,378,144,182,322,173,152,331,168,152,319,866,873,1744,151,149
POA2618,6,7,14,8,4,10,11,9,14,5,3,6,12,6,19,34,30,63,3,11,14,6,7,14,7,8,18,6,10,17,9,14,20,37,47,88,11,6,20,10,11,23,15,13,28,13,14,20,9,7,15,58,54,113,15,17,30,17,7,21,7,11,19,9,13,19,3,10,10,47,59,108,9,9,19,7,10,10,10,3,14,8,7,17,0,9,9,32,34,66,0,6,8,8,4,12,8,9,10,6,4,15,11,4,13,32,23,56,9,6,5,5,10,12,3,3,0,6,8,9,8,9,16,24,30,49,7,10,19,9,5,13,5,5,11,6,14,19,5,11,18,31,46,74,6,7,13,13,12,21,3,8,13,12,8,21,14,10,24,44,51,95,12,8,24,14,14,29,17,16,32,9,18,23,22,16,37,69,72,140,10,9,19,11,11,23,9,6,19,8,15,25,9,4,14,50,48,94,6,13
POA2900,16,22,40,33,21,60,25,25,51,26,12,39,19,20,36,120,112,224,13,10,25,13,11,23,12,15,26,13,17,34,15,18,33,65,77,140,8,13,17,15,5,13,9,12,19,8,11,15,13,3,18,49,42,89,16,5,18,13,11,21,15,10,20,15,12,25,5,13,18,54,49,109,19,26,50,19,31,48,34,38,68,37,49,94,42,44,88,162,182,345,52,49,103,54,49,104,56,63,118,52,64,113,57,51,98,270,273,540,57,60,118,50,60,111,53,48,102,53,37,85,48,39,93,263,248,511,39,46,88,34,34,67,39,33,74,36,25,59,30,33,64,180,172,350,25,30,56,28,22,47,24,22,45,26,17,40,23,31,48,122,120,241,21,24,43,23,19,40,24,8,35,22,24,44,21,23,46,112,98,206,13,20,35,12,26,36,15,25,45,23,23,53,19,33,46,87,129,213,24,25
POA2902,87,73,155,79,76,158,100,97,195,80,70,153,105,95,198,446,413,865,101,93,198,112,98,208,115,98,216,106,98,204,117,96,214,550,491,1037,103,116,219,101,115,217,113,95,206,81,107,190,128,83,205,528,513,1043,113,82,197,86,95,174,110,93,202,91,93,179,84,69,158,483,429,913,102,80,178,76,79,152,93,80,177,86,74,165,85,75,164,444,388,837,90,79,167,92,71,170,89,81,175,86,93,182,93,77,165,454,401,858,103,95,203,81,102,185,113,108,214,86,100,185,109,93,204,495,502,998,94,109,199,112,107,217,101,99,197,106,118,226,107,114,220,512,544,1059,102,119,220,107,107,214,114,108,219,97,103,204,107,105,213,526,542,1066,96,118,211,108,105,214,103,107,208,105,117,222,108,106,214,523,549,1075,116,111,229,108,106,211,86,114,203,91,93,184,99,102,196,500,524,1027,81,94
POA2903,49,58,105,57,55,114,46,44,92,64,46,111,72,62,139,290,271,561,70,43,115,76,69,144,65,47,115,90,63,149,80,55,136,375,281,656,72,70,148,70,63,128,75,71,145,59,68,127,72,57,134,350,330,680,69,67,136,67,39,104,68,48,112,69,31,98,53,39,93,317,226,546,42,40,88,56,45,101,52,51,103,43,53,94,51,49,102,248,237,487,59,46,108,57,41,97,62,61,121,64,61,123,60,60,125,301,275,575,62,66,125,68,66,131,60,62,127,71,68,136,65,65,121,317,320,642,66,75,149,66,67,135,64,75,142,72,70,142,76,62,138,350,353,701,55,73,125,60,75,136,56,73,127,66,46,113,60,72,135,300,342,639,82,55,134,65,47,109,54,68,121,60,57,118,67,57,123,323,286,603,77,81,157,62,57,118,53,61,111,58,55,111,46,34,81,293,291,578,61,65
POA2904,67,73,140,79,71,150,92,85,174,94,65,155,91,72,162,423,357,782,85,86,173,103,81,185,117,77,195,89,70,163,70,99,172,463,420,885,67,87,158,81,108,186,97,86,184,88,63,152,80,101,181,412,447,865,80,83,164,70,72,139,62,71,128,74,70,141,75,61,139,362,350,714,83,68,146,84,68,154,71,61,127,56,53,105,58,53,109,340,302,640,68,66,137,61,68,132,73,58,128,73,62,133,73,58,124,355,307,656,63,84,145,74,72,150,85,76,164,63,87,150,93,88,180,377,416,789,73,89,170,80,101,179,99,106,203,102,96,198,83,87,169,445,478,923,102,116,215,74,77,157,100,88,187,68,83,148,75,70,143,421,435,855,72,66,131,87,77,168,70,86,158,75,78,150,78,95,171,377,393,770,84,97,174,90,84,166,61,79,141,74,86,163,75,79,154,385,418,804,72,77
POA2905,178,185,366,192,165,354,202,176,387,187,182,369,208,197,407,968,907,1875,175,200,380,219,214,427,208,198,403,192,200,392,180,187,362,978,989,1966,195,198,390,204,196,403,183,186,368,199,156,360,195,178,372,974,922,1894,227,173,399,166,156,315,192,169,363,184,169,348,185,168,352,947,833,1777,186,156,345,187,156,342,177,169,351,181,148,327,187,182,367,917,814,1732,193,185,380,184,207,393,189,202,393,197,203,395,202,211,412,969,1002,1975,199,224,420,222,203,423,218,241,452,214,218,426,212,217,427,1052,1103,2150,236,226,464,213,221,429,185,208,391,210,194,405,213,217,427,1053,1071,2119,203,185,386,164,196,362,207,167,373,181,184,368,159,160,318,909,892,1803,156,179,329,175,202,381,178,203,383,168,193,356,203,180,382,877,960,1833,213,199,413,176,193,373,184,218,403,165,198,366,155,190,334,897,997,1893,169,228
POA2906,121,90,209,112,105,221,105,125,232,104,136,239,130,104,237,569,566,1135,131,138,268,151,104,257,113,121,237,129,130,266,131,134,267,652,636,1297,131,100,226,143,122,268,110,112,227,121,112,235,113,129,246,621,578,1200,125,114,247,118,115,231,107,127,238,112,98,215,122,108,228,594,570,1161,118,110,227,123,116,238,138,105,241,140,119,268,114,114,233,635,574,1206,120,144,264,127,133,260,127,124,253,128,105,237,97,119,218,606,623,1231,122,130,249,127,131,256,123,135,258,136,134,266,99,131,225,608,653,1255,115,122,234,128,164,294,143,140,285,138,129,266,118,147,266,643,701,1343,105,133,239,92,126,221,93,121,213,111,108,217,99,116,206,502,602,1104,111,95,204,144,123,267,131,145,270,119,162,280,129,159,292,633,680,1312,129,152,288,146,162,309,130,147,279,113,150,264,137,146,275,663,754,1410,130,147
POA2911,37,36,72,43,49,93,37,31,68,56,52,105,46,51,100,218,222,438,42,60,103,62,45,108,40,35,76,48,40,85,47,36,84,237,217,449,37,36,72,40,35,75,22,28,52,26,30,52,24,27,55,150,157,307,31,22,47,20,24,37,26,18,44,17,14,33,18,26,44,108,103,208,18,24,36,23,23,43,15,21,40,28,37,62,32,20,52,116,123,241,29,34,62,30,37,65,32,33,66,48,35,83,57,50,100,194,188,384,40,52,89,37,46,85,45,60,103,38,53,94,61,61,110,215,266,485,54,70,125,48,82,128,56,65,123,50,56,105,63,51,110,268,331,595,61,59,119,47,51,99,53,36,94,36,42,74,42,30,72,244,218,461,40,33,74,39,29,62,35,30,68,38,28,70,28,29,52,181,148,327,38,31,71,27,15,44,10,27,40,24,12,36,16,20,35,114,110,228,25,13
POA2912,59,53,111,76,54,133,53,67,119,42,54,99,61,49,105,288,273,560,50,43,89,41,53,92,49,42,90,48,29,77,35,44,76,224,208,436,35,38,71,39,33,70,41,35,78,36,44,83,43,39,86,194,189,382,46,55,98,41,41,82,46,40,84,51,52,103,34,46,85,213,233,448,52,58,110,87,68,149,74,84,157,101,88,190,91,111,204,404,416,812,119,113,232,143,131,281,120,125,242,131,141,271,145,132,278,663,642,1306,111,136,248,126,102,227,118,104,224,116,104,220,90,79,167,567,521,1083,103,88,186,73,81,153,80,75,156,68,70,143,77,61,135,400,375,776,75,79,155,68,66,135,48,47,102,70,57,130,56,62,117,324,320,639,54,50,92,63,53,114,53,48,98,63,60,120,51,57,109,275,258,535,69,46,115,46,45,89,48,39,87,42,39,76,45,46,88,243,216,457,41,42
POA2913,286,291,582,310,268,579,304,294,604,305,278,579,336,325,660,1543,1460,2998,332,319,654,335,290,629,344,296,641,288,278,571,285,258,543,1582,1445,3034,307,254,563,279,251,529,234,246,485,231,226,460,218,203,413,1271,1179,2453,229,222,449,233,204,443,213,201,415,214,207,420,197,212,405,1086,1049,2131,255,209,469,232,214,446,282,242,528,304,285,592,260,288,541,1337,1242,2583,291,304,586,332,322,653,338,351,688,367,378,753,393,361,760,1718,1711,3434,365,377,744,350,381,731,336,379,713,353,376,729,330,406,737,1741,1921,3655,389,387,776,375,400,777,388,409,801,364,372,739,355,384,736,1878,1946,3823,396,326,721,332,346,672,296,282,578,309,249,564,268,294,564,1595,1493,3094,244,250,495,273,277,553,265,269,534,262,284,545,244,279,522,1290,1347,2639,267,275,540,236,264,500,222,224,445,225,237,459,191,203,395,1140,1192,2334,210,211
POA2914,250,234,485,260,284,550,301,284,580,310,273,580,338,301,641,1451,1377,2830,336,315,651,333,340,669,352,327,679,312,353,673,374,336,715,1710,1674,3390,323,319,646,357,329,687,283,274,553,265,262,524,268,239,505,1493,1416,2910,249,235,478,212,218,427,229,212,442,193,216,411,187,190,377,1073,1065,2138,194,195,390,201,200,398,205,208,413,241,222,460,214,241,449,1054,1058,2111,221,203,422,273,252,532,314,265,583,318,294,614,283,316,603,1411,1333,2745,271,320,590,292,341,633,306,325,636,307,343,650,326,361,681,1496,1688,3186,336,359,699,348,439,784,357,380,737,402,383,780,352,364,714,1789,1926,3714,386,362,744,344,354,704,338,334,677,323,292,615,299,301,603,1695,1648,3342,319,301,620,250,269,523,258,244,502,280,256,538,261,238,495,1375,1312,2681,253,228,482,199,201,400,198,191,388,168,134,303,179,128,311,989,887,1881,131,123
